{
  "Nuseirat Martyrs Center": [
    34.3859752,
    31.4396829
  ],
  "Bureij Center Al-Jaded - Shuhada Albureij": [
    34.4003753,
    31.4393312
  ],
  "Burij Health Center": [
    34.4056066,
    31.4388341
  ],
  "Nuseirat Clinic - PRCS": [
    34.39155,
    31.44941
  ],
  "Al zawidah Medical Point - PRCS": [
    34.38064,
    31.43951
  ],
  "Al-Sawarah Clinic - PRCS": [
    34.3653,
    31.44061
  ],
  "Al-Sawarha (Al-Khawaldeh) Center": [
    34.3670997,
    31.4385752
  ],
  "Al Awda Medical Center": [
    34.476944,
    31.521389
  ],
  "CRS": [
    34.383615,
    31.444497
  ],
  "Al Awda Hospital - Nuseirat": [
    34.38941694,
    31.44841093
  ],
  "Maghazi Center": [
    34.3882104,
    31.4245531
  ],
  "Al-Maghazi Clinic - PRCS": [
    34.38171,
    31.42305
  ],
  "Al musadar Center": [
    34.348997,
    31.422241
  ],
  "UK MED FIXED PHC": [
    34.35433,
    31.43646
  ],
  "Hidar Abed El shafi MP": [
    34.354263,
    31.425571
  ],
  "Al-Zawaydeh Center": [
    34.3683701,
    31.4290369
  ],
  "Alasaftawi H C - UNRWA": [
    34.47876,
    31.53776
  ],
  "IMC Field Hospital - Al-Zawaida": [
    34.357917,
    31.443733
  ],
  "IMC field hospital - Middle Area": [
    34.346268,
    31.432989
  ],
  "Jabalia Medical Clinic": [
    34.484444,
    31.5275
  ],
  "Al Aqsa Hospital": [
    34.35987552,
    31.41991482
  ],
  "Asma Medical Point-Asma Prep Girls A, B": [
    34.44843,
    31.528658
  ],
  "Salah Eddin MP -Salah Eddin Prep Boys A, B": [
    34.45579367,
    31.52117148
  ],
  "Juzoor Halima Al-Saadia": [
    34.476944,
    31.531111
  ],
  "Alquds PHC": [
    34.34560876,
    31.42930455
  ],
  "Al Daraj MP.-Daraj Elem. Co-ed \"A,B,D,E\"": [
    34.46557,
    31.5073
  ],
  "Medical Point for the Holy Family School": [
    34.438056,
    31.523056
  ],
  "Insan Medical Center": [
    34.500556,
    31.544444
  ],
  "Al-Daraj Martyrs Center": [
    34.4592005,
    31.5127219
  ],
  "Al Shaeikh Radwan PHC": [
    34.4700466,
    31.5328893
  ],
  "Al-Bahr Primary Health Care Center /MdM F": [
    34.320301,
    31.408829
  ],
  "Juzoor of Al-Atatreh": [
    34.483611,
    31.551389
  ],
  "Al Moustafa PHC": [
    34.438056,
    31.523056
  ],
  "Al Sahaba MP- PRCS": [
    34.46041,
    31.51616
  ],
  "shuhadaa Deir al-Balah Clinic": [
    34.3492496,
    31.4168184
  ],
  "Al-Kuwaiti Hospital - Palestinian Red Crescent Society": [
    34.450556,
    31.513611
  ],
  "Al-Tawbah MP": [
    34.340928,
    31.41862
  ],
  "Al-Jazairi Health Center": [
    34.473611,
    31.510556
  ],
  "Tal Al Rabie School (MSF) point": [
    34.495,
    31.546389
  ],
  "Rimal MP-Rimal Elem. Co-ed \"A\" & \"B\"": [
    34.44350555,
    31.51551951
  ],
  "Al-Baraka Medical Center": [
    34.332979,
    31.40677
  ],
  "Al-Sabra Medical Point - Palestinian Red Crescent Society": [
    34.44997,
    31.50897
  ],
  "Red Crescent Medical Point -Alamin Aleamu": [
    34.466389,
    31.540556
  ],
  "Blood Bank Clinic": [
    34.438056,
    31.523056
  ],
  "Medical Relief Association": [
    34.351129,
    31.41268
  ],
  "MDM Clinic - France - North Beach": [
    34.453056,
    31.539167
  ],
  "Al-Awda Deir al-Balah": [
    34.328443,
    31.401134
  ],
  "Arkan Health Center": [
    34.438056,
    31.523056
  ],
  "Al Forsan Medical Center": [
    34.478056,
    31.543333
  ],
  "MSF Belgium Clinic - next to Al-Shifa Hospital": [
    34.441111,
    31.523056
  ],
  "Juzoor of Anwar Aziz": [
    34.496111,
    31.536944
  ],
  "Hiker Al Jamea Medical Point": [
    34.34037143,
    31.40507307
  ],
  "Al Salam H C": [
    34.4471449,
    31.5087703
  ],
  "Heroic Hearts Al-Yasmin Primary Care": [
    34.438056,
    31.523056
  ],
  "Haid Abdel Shafi Medical Center": [
    34.494167,
    31.541111
  ],
  "Fathi Arafat PHC - PRCS": [
    34.34324174,
    31.4227124
  ],
  "Masqat Al Sabra PHC": [
    34.45130953,
    31.5066731
  ],
  "Al QUDS Hospital - PRCS": [
    34.43041685,
    31.50593493
  ],
  "Solidarity Polyclinic (MAP)": [
    34.31935736,
    31.40424978
  ],
  "MSF Clinic Spain-Al-Zaytoun": [
    34.443056,
    31.496944
  ],
  "Al-Athar": [
    34.329593,
    31.417347
  ],
  "Yafa Hospital": [
    34.34515173,
    31.41821476
  ],
  "Al-Zaytoun Clinic - Palestinian Red Crescent Society": [
    34.45904,
    31.49924
  ],
  "Al-Falah Health Center": [
    34.428889,
    31.509444
  ],
  "Palestinian Medical Center": [
    34.39455043,
    31.44606252
  ],
  "Sheikh Ajlin Point, Shamlakh Mosque": [
    34.4175,
    31.500278
  ],
  "Al-Amal Hospital": [
    34.298306,
    31.352056
  ],
  "Khanyounis Primary Healthcare Center/MdMF": [
    34.295278,
    31.346694
  ],
  "AHED MP": [
    34.3001036,
    31.342833
  ],
  "Khanyounis Martyrs Primary Healthcare Center": [
    34.310944,
    31.3465
  ],
  "Al-Tahrir Building": [
    34.292639,
    31.346778
  ],
  "PRCS Mawasi": [
    34.2740413,
    31.3682852
  ],
  "El-Najar MP": [
    34.261119,
    31.35761
  ],
  "Al-Quds Center is private": [
    34.263731,
    31.348744
  ],
  "Giving Without Borders Medical Clinic": [
    34.2689665,
    31.3522494
  ],
  "AWDA Health Center - Asdaa": [
    34.3000466,
    31.3637325
  ],
  "QARRARA MP": [
    34.33316,
    31.380468
  ],
  "Asdaa Medical Point": [
    34.30006,
    31.3644465
  ],
  "Emergency NGO - PHC Clinic Al Qarara - Khan Yunis": [
    34.307611,
    31.394194
  ],
  "PAL MED  Shalet": [
    34.312583,
    31.3945
  ],
  "PHC- MSF Belgium Mawasi Khan Younis": [
    34.293417,
    31.385778
  ],
  "AWDA Medical Point -Al-Aqsa University Area": [
    34.2815927,
    31.3658118
  ],
  "Almajada MP": [
    34.2949977,
    31.3517295
  ],
  "Husam": [
    34.2920634,
    31.3817736
  ],
  "Bir 19 MP - UNRWA": [
    34.2604517,
    31.343415
  ],
  "Zourub HC - UNRWA": [
    34.2562,
    31.352339
  ],
  "Deir El Balah Health Center": [
    34.33875402,
    31.42408591
  ],
  "Nusairat Health Center": [
    34.38955372,
    31.44843759
  ],
  "Al-Hakr El jamea": [
    34.34246341,
    31.40674124
  ],
  "West Nusairat Health Center": [
    34.38969277,
    31.46023466
  ],
  "Al Sawarha Medical Point": [
    34.37512137,
    31.4437576
  ],
  "El Mofte Medical Point": [
    34.39523112,
    31.45333246
  ],
  "Al-Hasaina Medical Point": [
    34.37624367,
    31.45076453
  ],
  "Burij PRCS": [
    34.4006053,
    31.4428774
  ],
  "heroic haert bier 19": [
    34.269278,
    31.344611
  ],
  "Mawasi MSF-Spain-Fish Fresh": [
    34.246861,
    31.344222
  ],
  "CFTA Mawasi Medical Point": [
    34.254222,
    31.351722
  ],
  "Emargancy Rafah": [
    34.250222,
    31.341444
  ],
  "ICRC Fiel Hospital": [
    34.24275,
    31.342222
  ],
  "Muawia HC - UNRWA": [
    34.241429,
    31.338187
  ],
  "UK Med Field Hospital": [
    34.248667,
    31.346194
  ],
  "Japanese HC - UNRWA": [
    34.2949142,
    31.3620985
  ],
  "Hamad HC - UNRWA": [
    34.306698,
    31.394863
  ],
  "Hunin MP": [
    34.302078,
    31.392643
  ],
  "Mawasi HC - UNRWA": [
    34.270385,
    31.361199
  ],
  "ALKHAIR HOSPITAL": [
    34.281083,
    31.354556
  ],
  "CARE PHCC -Deir Al-Balah": [
    34.3457344,
    31.41370518
  ],
  "Mawasi-Khan Younis Primary Health Care Center/ MdM-F": [
    34.263361,
    31.358556
  ],
  "Maghazi Medical Point": [
    34.38518029,
    31.4212555
  ],
  "MSF Belgium Medical point": [
    34.469722,
    31.543056
  ],
  "Al-Mustafa Medical Point": [
    34.470556,
    31.535556
  ]
}